{"cameraMode":{"drawMode":0,"name":"Shaded","section":"Shading Mode"},"sceneLighting":true,"audioPlay":false,"sceneViewState":{"showFog":true,"showMaterialUpdate":false,"showSkybox":true,"showFlares":true,"showImageEffects":true,"showParticleSystems":true},"in2DMode":false,"pivot":{"x":2.184424877166748,"y":-10.181573867797852,"z":-0.7397562861442566},"rotation":{"x":0.1397102326154709,"y":-0.05640857666730881,"z":0.007972079329192639,"w":0.9885522723197937},"size":15.772945404052735,"orthographic":false}