{"cameraMode":{"drawMode":0,"name":"Shaded","section":"Shading Mode"},"sceneLighting":true,"audioPlay":false,"sceneViewState":{"showFog":true,"showMaterialUpdate":false,"showSkybox":true,"showFlares":true,"showImageEffects":true,"showParticleSystems":true},"in2DMode":false,"pivot":{"x":-0.3572092056274414,"y":-0.19845502078533173,"z":-0.03500000014901161},"rotation":{"x":-0.039285529404878619,"y":-0.02637847326695919,"z":0.0010375529527664185,"w":-0.9988792538642883},"size":0.1428942084312439,"orthographic":false}