{"cameraMode":{"drawMode":0,"name":"Shaded","section":"Shading Mode"},"sceneLighting":true,"audioPlay":false,"sceneViewState":{"showFog":true,"showMaterialUpdate":false,"showSkybox":true,"showFlares":true,"showImageEffects":true,"showParticleSystems":true},"in2DMode":false,"pivot":{"x":-4.569118499755859,"y":-1.5680967569351197,"z":-0.8944931030273438},"rotation":{"x":0.0018096119165420533,"y":0.001495692995376885,"z":-0.0000020444510937522866,"w":0.9999972581863403},"size":7.438968658447266,"orthographic":false}