{"cameraMode":{"drawMode":0,"name":"Shaded","section":"Shading Mode"},"sceneLighting":true,"audioPlay":false,"sceneViewState":{"showFog":true,"showMaterialUpdate":false,"showSkybox":false,"showFlares":true,"showImageEffects":true,"showParticleSystems":true},"in2DMode":false,"pivot":{"x":-2.565089464187622,"y":2.720088481903076,"z":1.0771523714065552},"rotation":{"x":0.11102517694234848,"y":0.03129546716809273,"z":-0.00349731114692986,"w":0.9933186173439026},"size":18.886165618896486,"orthographic":false}