{"cameraMode":{"drawMode":0,"name":"Shaded","section":"Shading Mode"},"sceneLighting":true,"audioPlay":false,"sceneViewState":{"showFog":true,"showMaterialUpdate":false,"showSkybox":true,"showFlares":true,"showImageEffects":true,"showParticleSystems":true},"in2DMode":false,"pivot":{"x":-0.20000004768371583,"y":0.30000001192092898,"z":0.6709603071212769},"rotation":{"x":0.0008094693766906858,"y":-0.021003317087888719,"z":0.00001702163353911601,"w":0.9997791051864624},"size":10.13244915008545,"orthographic":true}